{"cameraMode":{"drawMode":0,"name":"Shaded","section":"Shading Mode"},"sceneLighting":true,"audioPlay":false,"sceneViewState":{"showFog":true,"showMaterialUpdate":false,"showSkybox":true,"showFlares":true,"showImageEffects":true,"showParticleSystems":true},"in2DMode":false,"pivot":{"x":37.321720123291019,"y":1.1259870529174805,"z":67.28993225097656},"rotation":{"x":-0.06984087824821472,"y":-0.003598721232265234,"z":0.00025171894230879843,"w":-0.9975537061691284},"size":14.086627006530762,"orthographic":false}