{"cameraMode":{"drawMode":0,"name":"Shaded","section":"Shading Mode"},"sceneLighting":true,"audioPlay":false,"sceneViewState":{"showFog":true,"showMaterialUpdate":false,"showSkybox":true,"showFlares":true,"showImageEffects":true,"showParticleSystems":true},"in2DMode":false,"pivot":{"x":2.7978553771972658,"y":0.5912109613418579,"z":14.685415267944336},"rotation":{"x":0.031492408365011218,"y":0.012289868667721749,"z":-0.00038727137143723667,"w":0.9994284510612488},"size":5.445234775543213,"orthographic":false}